Workbook

Sheet Overview
A1: Le Quartier — 3-Week Moving Average by Item, Day of Week, and Location
A3: This workbook covers all 4 locations, all products (Bread, Pastry, Dessert categories), broken out by day of week, for the 8-week period May 25 – July 19, 2026.
A5: Each location has two tabs:
A6: • [Location] Raw — actual units sold, per item, per day of week, for each of the 8 weeks
A7: • [Location] 3Wk MA — rolling 3-week moving average, computed from the Raw tab via formula, starting once 3 weeks of history exist (week ending June 8)
A9: Notes:
A10: • Breakfast & Lunch items are excluded — Toast does not track those by day of week in this export, only in a weekly lump total.
A11: • Bagels are grouped under Pastries at every location, regardless of how Toast categorized them internally.
A12: • Source: Toast Product Mix (PMIX) exports, one export per week per location, Mon–Sun totals.

Sheet Edgewood Raw
A1: Category | B1: Item | C1: Day of Week | D1: Week of 2026-05-25 | E1: Week of 2026-06-01 | F1: Week of 2026-06-08 | G1: Week of 2026-06-15 | H1: Week of 2026-06-22 | I1: Week of 2026-06-29 | J1: Week of 2026-07-06 | K1: Week of 2026-07-13
A2: Breads | B2: Apple Pecan Sourdough | C2: Saturday | D2: 9 | E2: 0 | F2: 9 | G2: 6 | H2: 9 | I2: 4 | J2: 7 | K2: 5
A3: Breads | B3: Apple Pecan Sourdough | C3: Sunday | D3: 7 | E3: 6 | F3: 2 | G3: 4 | H3: 8 | I3: 3 | J3: 5 | K3: 5
A4: Breads | B4: Baguette | C4: Monday | D4: 0 | E4: 13 | F4: 6 | G4: 10 | H4: 10 | I4: 16 | J4: 4 | K4: 10
A5: Breads | B5: Baguette | C5: Tuesday | D5: 9 | E5: 5 | F5: 10 | G5: 8 | H5: 6 | I5: 7 | J5: 11 | K5: 7
A6: Breads | B6: Baguette | C6: Wednesday | D6: 7 | E6: 10 | F6: 9 | G6: 5 | H6: 8 | I6: 10 | J6: 9 | K6: 6
A7: Breads | B7: Baguette | C7: Thursday | D7: 9 | E7: 9 | F7: 11 | G7: 10 | H7: 11 | I7: 10 | J7: 5 | K7: 5
A8: Breads | B8: Baguette | C8: Friday | D8: 15 | E8: 8 | F8: 6 | G8: 12 | H8: 5 | I8: 12 | J8: 11 | K8: 12
A9: Breads | B9: Baguette | C9: Saturday | D9: 13 | E9: 8 | F9: 10 | G9: 14 | H9: 14 | I9: 6 | J9: 5 | K9: 16
A10: Breads | B10: Baguette | C10: Sunday | D10: 12 | E10: 0 | F10: 12 | G10: 15 | H10: 11 | I10: 4 | J10: 10 | K10: 10
A11: Breads | B11: Blue Cheese Loaf | C11: Saturday | D11: 5 | E11: 2 | F11: 7 | G11: 9 | H11: 9 | I11: 6 | J11: 11 | K11: 11
A12: Breads | B12: Blue Cheese Loaf | C12: Sunday | D12: 4 | E12: 1 | F12: 3 | G12: 0 | H12: 0 | I12: 2 | J12: 0 | K12: 0
A13: Breads | B13: Brioche Pan Loaf | C13: Wednesday | D13: 0 | E13: 0 | F13: 0 | G13: 2 | H13: 0 | I13: 0 | J13: 0 | K13: 0
... A300: Pastries | B300: Sugar Cookie | C300: Sunday | D300: 0 | E300: 0 | F300: 0 | G300: 22 | H300: 0 | I300: 0 | J300: 0 | K300: 0
A302: Source: Toast PMIX exports, Edgewood, weekly Mon-Sun totals, May 25 - Jul 19, 2026.

Sheet Edgewood 3Wk MA
A1: Category | B1: Item | C1: Day of Week | D1: Week of 2026-05-25 | E1: Week of 2026-06-01 | F1: Week of 2026-06-08 | G1: Week of 2026-06-15 | H1: Week of 2026-06-22 | I1: Week of 2026-06-29 | J1: Week of 2026-07-06 | K1: Week of 2026-07-13 | L1: 3-Wk MA ending 2026-06-08 | M1: 3-Wk MA ending 2026-06-15 | N1: 3-Wk MA ending 2026-06-22 | O1: 3-Wk MA ending 2026-06-29 | P1: 3-Wk MA ending 2026-07-06 | Q1: 3-Wk MA ending 2026-07-13
A2: Breads | B2: Apple Pecan Sourdough | C2: Saturday | D2: ='Edgewood Raw'!D2 -> 9 | E2: ='Edgewood Raw'!E2 -> 0 | F2: ='Edgewood Raw'!F2 -> 9 | G2: ='Edgewood Raw'!G2 -> 6 | H2: ='Edgewood Raw'!H2 -> 9 | I2: ='Edgewood Raw'!I2 -> 4 | J2: ='Edgewood Raw'!J2 -> 7 | K2: ='Edgewood Raw'!K2 -> 5 | L2: =AVERAGE(D2:F2) -> 6 | M2: =AVERAGE(E2:G2) -> 5 | N2: =AVERAGE(F2:H2) -> 8 | O2: =AVERAGE(G2:I2) -> 6.3333333 | P2: =AVERAGE(H2:J2) -> 6.6666667 | Q2: =AVERAGE(I2:K2) -> 5.3333333
A3: Breads | B3: Apple Pecan Sourdough | C3: Sunday | D3: ='Edgewood Raw'!D3 -> 7 | E3: ='Edgewood Raw'!E3 -> 6 | F3: ='Edgewood Raw'!F3 -> 2 | G3: ='Edgewood Raw'!G3 -> 4 | H3: ='Edgewood Raw'!H3 -> 8 | I3: ='Edgewood Raw'!I3 -> 3 | J3: ='Edgewood Raw'!J3 -> 5 | K3: ='Edgewood Raw'!K3 -> 5 | L3: =AVERAGE(D3:F3) -> 5 | M3: =AVERAGE(E3:G3) -> 4 | N3: =AVERAGE(F3:H3) -> 4.6666667 | O3: =AVERAGE(G3:I3) -> 5 | P3: =AVERAGE(H3:J3) -> 5.3333333 | Q3: =AVERAGE(I3:K3) -> 4.3333333
A4: Breads | B4: Baguette | C4: Monday | D4: ='Edgewood Raw'!D4 -> 0 | E4: ='Edgewood Raw'!E4 -> 13 | F4: ='Edgewood Raw'!F4 -> 6 | G4: ='Edgewood Raw'!G4 -> 10 | H4: ='Edgewood Raw'!H4 -> 10 | I4: ='Edgewood Raw'!I4 -> 16 | J4: ='Edgewood Raw'!J4 -> 4 | K4: ='Edgewood Raw'!K4 -> 10 | L4: =AVERAGE(D4:F4) -> 6.3333333 | M4: =AVERAGE(E4:G4) -> 9.6666667 | N4: =AVERAGE(F4:H4) -> 8.6666667 | O4: =AVERAGE(G4:I4) -> 12 | P4: =AVERAGE(H4:J4) -> 10 | Q4: =AVERAGE(I4:K4) -> 10
A5: Breads | B5: Baguette | C5: Tuesday | D5: ='Edgewood Raw'!D5 -> 9 | E5: ='Edgewood Raw'!E5 -> 5 | F5: ='Edgewood Raw'!F5 -> 10 | G5: ='Edgewood Raw'!G5 -> 8 | H5: ='Edgewood Raw'!H5 -> 6 | I5: ='Edgewood Raw'!I5 -> 7 | J5: ='Edgewood Raw'!J5 -> 11 | K5: ='Edgewood Raw'!K5 -> 7 | L5: =AVERAGE(D5:F5) -> 8 | M5: =AVERAGE(E5:G5) -> 7.6666667 | N5: =AVERAGE(F5:H5) -> 8 | O5: =AVERAGE(G5:I5) -> 7 | P5: =AVERAGE(H5:J5) -> 8 | Q5: =AVERAGE(I5:K5) -> 8.3333333
A6: Breads | B6: Baguette | C6: Wednesday | D6: ='Edgewood Raw'!D6 -> 7 | E6: ='Edgewood Raw'!E6 -> 10 | F6: ='Edgewood Raw'!F6 -> 9 | G6: ='Edgewood Raw'!G6 -> 5 | H6: ='Edgewood Raw'!H6 -> 8 | I6: ='Edgewood Raw'!I6 -> 10 | J6: ='Edgewood Raw'!J6 -> 9 | K6: ='Edgewood Raw'!K6 -> 6 | L6: =AVERAGE(D6:F6) -> 8.6666667 | M6: =AVERAGE(E6:G6) -> 8 | N6: =AVERAGE(F6:H6) -> 7.3333333 | O6: =AVERAGE(G6:I6) -> 7.6666667 | P6: =AVERAGE(H6:J6) -> 9 | Q6: =AVERAGE(I6:K6) -> 8.3333333
A7: Breads | B7: Baguette | C7: Thursday | D7: ='Edgewood Raw'!D7 -> 9 | E7: ='Edgewood Raw'!E7 -> 9 | F7: ='Edgewood Raw'!F7 -> 11 | G7: ='Edgewood Raw'!G7 -> 10 | H7: ='Edgewood Raw'!H7 -> 11 | I7: ='Edgewood Raw'!I7 -> 10 | J7: ='Edgewood Raw'!J7 -> 5 | K7: ='Edgewood Raw'!K7 -> 5 | L7: =AVERAGE(D7:F7) -> 9.6666667 | M7: =AVERAGE(E7:G7) -> 10 | N7: =AVERAGE(F7:H7) -> 10.666667 | O7: =AVERAGE(G7:I7) -> 10.333333 | P7: =AVERAGE(H7:J7) -> 8.6666667 | Q7: =AVERAGE(I7:K7) -> 6.6666667
A8: Breads | B8: Baguette | C8: Friday | D8: ='Edgewood Raw'!D8 -> 15 | E8: ='Edgewood Raw'!E8 -> 8 | F8: ='Edgewood Raw'!F8 -> 6 | G8: ='Edgewood Raw'!G8 -> 12 | H8: ='Edgewood Raw'!H8 -> 5 | I8: ='Edgewood Raw'!I8 -> 12 | J8: ='Edgewood Raw'!J8 -> 11 | K8: ='Edgewood Raw'!K8 -> 12 | L8: =AVERAGE(D8:F8) -> 9.6666667 | M8: =AVERAGE(E8:G8) -> 8.6666667 | N8: =AVERAGE(F8:H8) -> 7.6666667 | O8: =AVERAGE(G8:I8) -> 9.6666667 | P8: =AVERAGE(H8:J8) -> 9.3333333 | Q8: =AVERAGE(I8:K8) -> 11.666667
A9: Breads | B9: Baguette | C9: Saturday | D9: ='Edgewood Raw'!D9 -> 13 | E9: ='Edgewood Raw'!E9 -> 8 | F9: ='Edgewood Raw'!F9 -> 10 | G9: ='Edgewood Raw'!G9 -> 14 | H9: ='Edgewood Raw'!H9 -> 14 | I9: ='Edgewood Raw'!I9 -> 6 | J9: ='Edgewood Raw'!J9 -> 5 | K9: ='Edgewood Raw'!K9 -> 16 | L9: =AVERAGE(D9:F9) -> 10.333333 | M9: =AVERAGE(E9:G9) -> 10.666667 | N9: =AVERAGE(F9:H9) -> 12.666667 | O9: =AVERAGE(G9:I9) -> 11.333333 | P9: =AVERAGE(H9:J9) -> 8.3333333 | Q9: =AVERAGE(I9:K9) -> 9
A10: Breads | B10: Baguette | C10: Sunday | D10: ='Edgewood Raw'!D10 -> 12 | E10: ='Edgewood Raw'!E10 -> 0 | F10: ='Edgewood Raw'!F10 -> 12 | G10: ='Edgewood Raw'!G10 -> 15 | H10: ='Edgewood Raw'!H10 -> 11 | I10: ='Edgewood Raw'!I10 -> 4 | J10: ='Edgewood Raw'!J10 -> 10 | K10: ='Edgewood Raw'!K10 -> 10 | L10: =AVERAGE(D10:F10) -> 8 | M10: =AVERAGE(E10:G10) -> 9 | N10: =AVERAGE(F10:H10) -> 12.666667 | O10: =AVERAGE(G10:I10) -> 10 | P10: =AVERAGE(H10:J10) -> 8.3333333 | Q10: =AVERAGE(I10:K10) -> 8
A11: Breads | B11: Blue Cheese Loaf | C11: Saturday | D11: ='Edgewood Raw'!D11 -> 5 | E11: ='Edgewood Raw'!E11 -> 2 | F11: ='Edgewood Raw'!F11 -> 7 | G11: ='Edgewood Raw'!G11 -> 9 | H11: ='Edgewood Raw'!H11 -> 9 | I11: ='Edgewood Raw'!I11 -> 6 | J11: ='Edgewood Raw'!J11 -> 11 | K11: ='Edgewood Raw'!K11 -> 11 | L11: =AVERAGE(D11:F11) -> 4.6666667 | M11: =AVERAGE(E11:G11) -> 6 | N11: =AVERAGE(F11:H11) -> 8.3333333 | O11: =AVERAGE(G11:I11) -> 8 | P11: =AVERAGE(H11:J11) -> 8.6666667 | Q11: =AVERAGE(I11:K11) -> 9.3333333
A12: Breads | B12: Blue Cheese Loaf | C12: Sunday | D12: ='Edgewood Raw'!D12 -> 4 | E12: ='Edgewood Raw'!E12 -> 1 | F12: ='Edgewood Raw'!F12 -> 3 | G12: ='Edgewood Raw'!G12 -> 0 | H12: ='Edgewood Raw'!H12 -> 0 | I12: ='Edgewood Raw'!I12 -> 2 | J12: ='Edgewood Raw'!J12 -> 0 | K12: ='Edgewood Raw'!K12 -> 0 | L12: =AVERAGE(D12:F12) -> 2.6666667 | M12: =AVERAGE(E12:G12) -> 1.3333333 | N12: =AVERAGE(F12:H12) -> 1 | O12: =AVERAGE(G12:I12) -> 0.66666667 | P12: =AVERAGE(H12:J12) -> 0.66666667 | Q12: =AVERAGE(I12:K12) -> 0.66666667
A13: Breads | B13: Brioche Pan Loaf | C13: Wednesday | D13: ='Edgewood Raw'!D13 -> 0 | E13: ='Edgewood Raw'!E13 -> 0 | F13: ='Edgewood Raw'!F13 -> 0 | G13: ='Edgewood Raw'!G13 -> 2 | H13: ='Edgewood Raw'!H13 -> 0 | I13: ='Edgewood Raw'!I13 -> 0 | J13: ='Edgewood Raw'!J13 -> 0 | K13: ='Edgewood Raw'!K13 -> 0 | L13: =AVERAGE(D13:F13) -> 0 | M13: =AVERAGE(E13:G13) -> 0.66666667 | N13: =AVERAGE(F13:H13) -> 0.66666667 | O13: =AVERAGE(G13:I13) -> 0.66666667 | P13: =AVERAGE(H13:J13) -> 0 | Q13: =AVERAGE(I13:K13) -> 0
... A300: Pastries | B300: Sugar Cookie | C300: Sunday | D300: ='Edgewood Raw'!D300 -> 0 | E300: ='Edgewood Raw'!E300 -> 0 | F300: ='Edgewood Raw'!F300 -> 0 | G300: ='Edgewood Raw'!G300 -> 22 | H300: ='Edgewood Raw'!H300 -> 0 | I300: ='Edgewood Raw'!I300 -> 0 | J300: ='Edgewood Raw'!J300 -> 0 | K300: ='Edgewood Raw'!K300 -> 0 | L300: =AVERAGE(D300:F300) -> 0 | M300: =AVERAGE(E300:G300) -> 7.3333333 | N300: =AVERAGE(F300:H300) -> 7.3333333 | O300: =AVERAGE(G300:I300) -> 7.3333333 | P300: =AVERAGE(H300:J300) -> 0 | Q300: =AVERAGE(I300:K300) -> 0
A302: 3-week moving average = AVERAGE of qty sold for that item/day across the 3 most recent weeks (rolling). Blank until 3 weeks of history exist.

Sheet Meridian Park Raw
A1: Category | B1: Item | C1: Day of Week | D1: Week of 2026-05-25 | E1: Week of 2026-06-01 | F1: Week of 2026-06-08 | G1: Week of 2026-06-15 | H1: Week of 2026-06-22 | I1: Week of 2026-06-29 | J1: Week of 2026-07-06 | K1: Week of 2026-07-13
A2: Breads | B2: Apple Pecan | C2: Saturday | D2: 4 | E2: 2 | F2: 3 | G2: 1 | H2: 0 | I2: 0 | J2: 0 | K2: 2
A3: Breads | B3: Baguette | C3: Monday | D3: 0 | E3: 5 | F3: 4 | G3: 6 | H3: 6 | I3: 5 | J3: 9 | K3: 9
A4: Breads | B4: Baguette | C4: Tuesday | D4: 7 | E4: 4 | F4: 3 | G4: 5 | H4: 6 | I4: 3 | J4: 0 | K4: 6
A5: Breads | B5: Baguette | C5: Wednesday | D5: 6 | E5: 1 | F5: 9 | G5: 8 | H5: 4 | I5: 9 | J5: 10 | K5: 2
A6: Breads | B6: Baguette | C6: Thursday | D6: 7 | E6: 2 | F6: 6 | G6: 3 | H6: 7 | I6: 7 | J6: 4 | K6: 10
A7: Breads | B7: Baguette | C7: Friday | D7: 6 | E7: 7 | F7: 9 | G7: 5 | H7: 4 | I7: 8 | J7: 3 | K7: 7
A8: Breads | B8: Baguette | C8: Saturday | D8: 10 | E8: 17 | F8: 3 | G8: 15 | H8: 9 | I8: 0 | J8: 6 | K8: 3
A9: Breads | B9: Blue Cheese Loaf | C9: Saturday | D9: 1 | E9: 3 | F9: 2 | G9: 8 | H9: 4 | I9: 0 | J9: 3 | K9: 6
A10: Breads | B10: Brioche Pan Loaf | C10: Monday | D10: 0 | E10: 0 | F10: 0 | G10: 0 | H10: 0 | I10: 0 | J10: 1 | K10: 1
A11: Breads | B11: Brioche Pan Loaf | C11: Wednesday | D11: 2 | E11: 1 | F11: 2 | G11: 1 | H11: 4 | I11: 4 | J11: 2 | K11: 1
A12: Breads | B12: Brioche Pan Loaf | C12: Thursday | D12: 5 | E12: 1 | F12: 0 | G12: 3 | H12: 1 | I12: 2 | J12: 0 | K12: 4
A13: Breads | B13: Brioche Pan Loaf | C13: Friday | D13: 0 | E13: 1 | F13: 2 | G13: 0 | H13: 0 | I13: 0 | J13: 4 | K13: 0
... A276: Pastries | B276: Sugar Cookie | C276: Sunday | D276: 0 | E276: 0 | F276: 0 | G276: 24 | H276: 0 | I276: 0 | J276: 0 | K276: 0
A278: Source: Toast PMIX exports, Meridian Park, weekly Mon-Sun totals, May 25 - Jul 19, 2026.

Sheet Meridian Park 3Wk MA
A1: Category | B1: Item | C1: Day of Week | D1: Week of 2026-05-25 | E1: Week of 2026-06-01 | F1: Week of 2026-06-08 | G1: Week of 2026-06-15 | H1: Week of 2026-06-22 | I1: Week of 2026-06-29 | J1: Week of 2026-07-06 | K1: Week of 2026-07-13 | L1: 3-Wk MA ending 2026-06-08 | M1: 3-Wk MA ending 2026-06-15 | N1: 3-Wk MA ending 2026-06-22 | O1: 3-Wk MA ending 2026-06-29 | P1: 3-Wk MA ending 2026-07-06 | Q1: 3-Wk MA ending 2026-07-13
A2: Breads | B2: Apple Pecan | C2: Saturday | D2: ='Meridian Park Raw'!D2 -> 4 | E2: ='Meridian Park Raw'!E2 -> 2 | F2: ='Meridian Park Raw'!F2 -> 3 | G2: ='Meridian Park Raw'!G2 -> 1 | H2: ='Meridian Park Raw'!H2 -> 0 | I2: ='Meridian Park Raw'!I2 -> 0 | J2: ='Meridian Park Raw'!J2 -> 0 | K2: ='Meridian Park Raw'!K2 -> 2 | L2: =AVERAGE(D2:F2) -> 3 | M2: =AVERAGE(E2:G2) -> 2 | N2: =AVERAGE(F2:H2) -> 1.3333333 | O2: =AVERAGE(G2:I2) -> 0.33333333 | P2: =AVERAGE(H2:J2) -> 0 | Q2: =AVERAGE(I2:K2) -> 0.66666667
A3: Breads | B3: Baguette | C3: Monday | D3: ='Meridian Park Raw'!D3 -> 0 | E3: ='Meridian Park Raw'!E3 -> 5 | F3: ='Meridian Park Raw'!F3 -> 4 | G3: ='Meridian Park Raw'!G3 -> 6 | H3: ='Meridian Park Raw'!H3 -> 6 | I3: ='Meridian Park Raw'!I3 -> 5 | J3: ='Meridian Park Raw'!J3 -> 9 | K3: ='Meridian Park Raw'!K3 -> 9 | L3: =AVERAGE(D3:F3) -> 3 | M3: =AVERAGE(E3:G3) -> 5 | N3: =AVERAGE(F3:H3) -> 5.3333333 | O3: =AVERAGE(G3:I3) -> 5.6666667 | P3: =AVERAGE(H3:J3) -> 6.6666667 | Q3: =AVERAGE(I3:K3) -> 7.6666667
A4: Breads | B4: Baguette | C4: Tuesday | D4: ='Meridian Park Raw'!D4 -> 7 | E4: ='Meridian Park Raw'!E4 -> 4 | F4: ='Meridian Park Raw'!F4 -> 3 | G4: ='Meridian Park Raw'!G4 -> 5 | H4: ='Meridian Park Raw'!H4 -> 6 | I4: ='Meridian Park Raw'!I4 -> 3 | J4: ='Meridian Park Raw'!J4 -> 0 | K4: ='Meridian Park Raw'!K4 -> 6 | L4: =AVERAGE(D4:F4) -> 4.6666667 | M4: =AVERAGE(E4:G4) -> 4 | N4: =AVERAGE(F4:H4) -> 4.6666667 | O4: =AVERAGE(G4:I4) -> 4.6666667 | P4: =AVERAGE(H4:J4) -> 3 | Q4: =AVERAGE(I4:K4) -> 3
A5: Breads | B5: Baguette | C5: Wednesday | D5: ='Meridian Park Raw'!D5 -> 6 | E5: ='Meridian Park Raw'!E5 -> 1 | F5: ='Meridian Park Raw'!F5 -> 9 | G5: ='Meridian Park Raw'!G5 -> 8 | H5: ='Meridian Park Raw'!H5 -> 4 | I5: ='Meridian Park Raw'!I5 -> 9 | J5: ='Meridian Park Raw'!J5 -> 10 | K5: ='Meridian Park Raw'!K5 -> 2 | L5: =AVERAGE(D5:F5) -> 5.3333333 | M5: =AVERAGE(E5:G5) -> 6 | N5: =AVERAGE(F5:H5) -> 7 | O5: =AVERAGE(G5:I5) -> 7 | P5: =AVERAGE(H5:J5) -> 7.6666667 | Q5: =AVERAGE(I5:K5) -> 7
A6: Breads | B6: Baguette | C6: Thursday | D6: ='Meridian Park Raw'!D6 -> 7 | E6: ='Meridian Park Raw'!E6 -> 2 | F6: ='Meridian Park Raw'!F6 -> 6 | G6: ='Meridian Park Raw'!G6 -> 3 | H6: ='Meridian Park Raw'!H6 -> 7 | I6: ='Meridian Park Raw'!I6 -> 7 | J6: ='Meridian Park Raw'!J6 -> 4 | K6: ='Meridian Park Raw'!K6 -> 10 | L6: =AVERAGE(D6:F6) -> 5 | M6: =AVERAGE(E6:G6) -> 3.6666667 | N6: =AVERAGE(F6:H6) -> 5.3333333 | O6: =AVERAGE(G6:I6) -> 5.6666667 | P6: =AVERAGE(H6:J6) -> 6 | Q6: =AVERAGE(I6:K6) -> 7
A7: Breads | B7: Baguette | C7: Friday | D7: ='Meridian Park Raw'!D7 -> 6 | E7: ='Meridian Park Raw'!E7 -> 7 | F7: ='Meridian Park Raw'!F7 -> 9 | G7: ='Meridian Park Raw'!G7 -> 5 | H7: ='Meridian Park Raw'!H7 -> 4 | I7: ='Meridian Park Raw'!I7 -> 8 | J7: ='Meridian Park Raw'!J7 -> 3 | K7: ='Meridian Park Raw'!K7 -> 7 | L7: =AVERAGE(D7:F7) -> 7.3333333 | M7: =AVERAGE(E7:G7) -> 7 | N7: =AVERAGE(F7:H7) -> 6 | O7: =AVERAGE(G7:I7) -> 5.6666667 | P7: =AVERAGE(H7:J7) -> 5 | Q7: =AVERAGE(I7:K7) -> 6
A8: Breads | B8: Baguette | C8: Saturday | D8: ='Meridian Park Raw'!D8 -> 10 | E8: ='Meridian Park Raw'!E8 -> 17 | F8: ='Meridian Park Raw'!F8 -> 3 | G8: ='Meridian Park Raw'!G8 -> 15 | H8: ='Meridian Park Raw'!H8 -> 9 | I8: ='Meridian Park Raw'!I8 -> 0 | J8: ='Meridian Park Raw'!J8 -> 6 | K8: ='Meridian Park Raw'!K8 -> 3 | L8: =AVERAGE(D8:F8) -> 10 | M8: =AVERAGE(E8:G8) -> 11.666667 | N8: =AVERAGE(F8:H8) -> 9 | O8: =AVERAGE(G8:I8) -> 8 | P8: =AVERAGE(H8:J8) -> 5 | Q8: =AVERAGE(I8:K8) -> 3
A9: Breads | B9: Blue Cheese Loaf | C9: Saturday | D9: ='Meridian Park Raw'!D9 -> 1 | E9: ='Meridian Park Raw'!E9 -> 3 | F9: ='Meridian Park Raw'!F9 -> 2 | G9: ='Meridian Park Raw'!G9 -> 8 | H9: ='Meridian Park Raw'!H9 -> 4 | I9: ='Meridian Park Raw'!I9 -> 0 | J9: ='Meridian Park Raw'!J9 -> 3 | K9: ='Meridian Park Raw'!K9 -> 6 | L9: =AVERAGE(D9:F9) -> 2 | M9: =AVERAGE(E9:G9) -> 4.3333333 | N9: =AVERAGE(F9:H9) -> 4.6666667 | O9: =AVERAGE(G9:I9) -> 4 | P9: =AVERAGE(H9:J9) -> 2.3333333 | Q9: =AVERAGE(I9:K9) -> 3
A10: Breads | B10: Brioche Pan Loaf | C10: Monday | D10: ='Meridian Park Raw'!D10 -> 0 | E10: ='Meridian Park Raw'!E10 -> 0 | F10: ='Meridian Park Raw'!F10 -> 0 | G10: ='Meridian Park Raw'!G10 -> 0 | H10: ='Meridian Park Raw'!H10 -> 0 | I10: ='Meridian Park Raw'!I10 -> 0 | J10: ='Meridian Park Raw'!J10 -> 1 | K10: ='Meridian Park Raw'!K10 -> 1 | L10: =AVERAGE(D10:F10) -> 0 | M10: =AVERAGE(E10:G10) -> 0 | N10: =AVERAGE(F10:H10) -> 0 | O10: =AVERAGE(G10:I10) -> 0 | P10: =AVERAGE(H10:J10) -> 0.33333333 | Q10: =AVERAGE(I10:K10) -> 0.66666667
A11: Breads | B11: Brioche Pan Loaf | C11: Wednesday | D11: ='Meridian Park Raw'!D11 -> 2 | E11: ='Meridian Park Raw'!E11 -> 1 | F11: ='Meridian Park Raw'!F11 -> 2 | G11: ='Meridian Park Raw'!G11 -> 1 | H11: ='Meridian Park Raw'!H11 -> 4 | I11: ='Meridian Park Raw'!I11 -> 4 | J11: ='Meridian Park Raw'!J11 -> 2 | K11: ='Meridian Park Raw'!K11 -> 1 | L11: =AVERAGE(D11:F11) -> 1.6666667 | M11: =AVERAGE(E11:G11) -> 1.3333333 | N11: =AVERAGE(F11:H11) -> 2.3333333 | O11: =AVERAGE(G11:I11) -> 3 | P11: =AVERAGE(H11:J11) -> 3.3333333 | Q11: =AVERAGE(I11:K11) -> 2.3333333
A12: Breads | B12: Brioche Pan Loaf | C12: Thursday | D12: ='Meridian Park Raw'!D12 -> 5 | E12: ='Meridian Park Raw'!E12 -> 1 | F12: ='Meridian Park Raw'!F12 -> 0 | G12: ='Meridian Park Raw'!G12 -> 3 | H12: ='Meridian Park Raw'!H12 -> 1 | I12: ='Meridian Park Raw'!I12 -> 2 | J12: ='Meridian Park Raw'!J12 -> 0 | K12: ='Meridian Park Raw'!K12 -> 4 | L12: =AVERAGE(D12:F12) -> 2 | M12: =AVERAGE(E12:G12) -> 1.3333333 | N12: =AVERAGE(F12:H12) -> 1.3333333 | O12: =AVERAGE(G12:I12) -> 2 | P12: =AVERAGE(H12:J12) -> 1 | Q12: =AVERAGE(I12:K12) -> 2
A13: Breads | B13: Brioche Pan Loaf | C13: Friday | D13: ='Meridian Park Raw'!D13 -> 0 | E13: ='Meridian Park Raw'!E13 -> 1 | F13: ='Meridian Park Raw'!F13 -> 2 | G13: ='Meridian Park Raw'!G13 -> 0 | H13: ='Meridian Park Raw'!H13 -> 0 | I13: ='Meridian Park Raw'!I13 -> 0 | J13: ='Meridian Park Raw'!J13 -> 4 | K13: ='Meridian Park Raw'!K13 -> 0 | L13: =AVERAGE(D13:F13) -> 1 | M13: =AVERAGE(E13:G13) -> 1 | N13: =AVERAGE(F13:H13) -> 0.66666667 | O13: =AVERAGE(G13:I13) -> 0 | P13: =AVERAGE(H13:J13) -> 1.3333333 | Q13: =AVERAGE(I13:K13) -> 1.3333333
... A276: Pastries | B276: Sugar Cookie | C276: Sunday | D276: ='Meridian Park Raw'!D276 -> 0 | E276: ='Meridian Park Raw'!E276 -> 0 | F276: ='Meridian Park Raw'!F276 -> 0 | G276: ='Meridian Park Raw'!G276 -> 24 | H276: ='Meridian Park Raw'!H276 -> 0 | I276: ='Meridian Park Raw'!I276 -> 0 | J276: ='Meridian Park Raw'!J276 -> 0 | K276: ='Meridian Park Raw'!K276 -> 0 | L276: =AVERAGE(D276:F276) -> 0 | M276: =AVERAGE(E276:G276) -> 8 | N276: =AVERAGE(F276:H276) -> 8 | O276: =AVERAGE(G276:I276) -> 8 | P276: =AVERAGE(H276:J276) -> 0 | Q276: =AVERAGE(I276:K276) -> 0
A278: 3-week moving average = AVERAGE of qty sold for that item/day across the 3 most recent weeks (rolling). Blank until 3 weeks of history exist.

Sheet Dundee Raw
A1: Category | B1: Item | C1: Day of Week | D1: Week of 2026-05-25 | E1: Week of 2026-06-01 | F1: Week of 2026-06-08 | G1: Week of 2026-06-15 | H1: Week of 2026-06-22 | I1: Week of 2026-06-29 | J1: Week of 2026-07-06 | K1: Week of 2026-07-13
A2: Breads | B2: Apple Pecan | C2: Sunday | D2: 0 | E2: 2 | F2: 0 | G2: 4 | H2: 5 | I2: 3 | J2: 1 | K2: 5
A3: Breads | B3: Apple Pecan Sourdough | C3: Saturday | D3: 2 | E3: 2 | F3: 1 | G3: 5 | H3: 4 | I3: 3 | J3: 4 | K3: 3
A4: Breads | B4: Apple Pecan Sourdough | C4: Sunday | D4: 1 | E4: 4 | F4: 0 | G4: 2 | H4: 0 | I4: 1 | J4: 1 | K4: 0
A5: Breads | B5: Baguette | C5: Tuesday | D5: 12 | E5: 5 | F5: 7 | G5: 6 | H5: 11 | I5: 7 | J5: 6 | K5: 7
A6: Breads | B6: Baguette | C6: Wednesday | D6: 10 | E6: 12 | F6: 3 | G6: 10 | H6: 7 | I6: 7 | J6: 12 | K6: 8
A7: Breads | B7: Baguette | C7: Thursday | D7: 10 | E7: 10 | F7: 6 | G7: 10 | H7: 3 | I7: 6 | J7: 6 | K7: 11
A8: Breads | B8: Baguette | C8: Friday | D8: 7 | E8: 5 | F8: 7 | G8: 12 | H8: 12 | I8: 18 | J8: 9 | K8: 8
A9: Breads | B9: Baguette | C9: Saturday | D9: 17 | E9: 10 | F9: 18 | G9: 14 | H9: 9 | I9: 5 | J9: 15 | K9: 16
A10: Breads | B10: Baguette | C10: Sunday | D10: 8 | E10: 17 | F10: 11 | G10: 19 | H10: 17 | I10: 14 | J10: 14 | K10: 15
A11: Breads | B11: Blue Cheese Loaf | C11: Friday | D11: 0 | E11: 0 | F11: 0 | G11: 1 | H11: 0 | I11: 0 | J11: 0 | K11: 0
A12: Breads | B12: Blue Cheese Loaf | C12: Saturday | D12: 3 | E12: 5 | F12: 5 | G12: 3 | H12: 4 | I12: 4 | J12: 6 | K12: 4
A13: Breads | B13: Brioche Pan Loaf | C13: Thursday | D13: 0 | E13: 0 | F13: 0 | G13: 0 | H13: 1 | I13: 0 | J13: 0 | K13: 0
... A234: Pastries | B234: Poptart | C234: Sunday | D234: 14 | E234: 14 | F234: 10 | G234: 15 | H234: 9 | I234: 11 | J234: 17 | K234: 12
A236: Source: Toast PMIX exports, Dundee, weekly Mon-Sun totals, May 25 - Jul 19, 2026.

Sheet Dundee 3Wk MA
A1: Category | B1: Item | C1: Day of Week | D1: Week of 2026-05-25 | E1: Week of 2026-06-01 | F1: Week of 2026-06-08 | G1: Week of 2026-06-15 | H1: Week of 2026-06-22 | I1: Week of 2026-06-29 | J1: Week of 2026-07-06 | K1: Week of 2026-07-13 | L1: 3-Wk MA ending 2026-06-08 | M1: 3-Wk MA ending 2026-06-15 | N1: 3-Wk MA ending 2026-06-22 | O1: 3-Wk MA ending 2026-06-29 | P1: 3-Wk MA ending 2026-07-06 | Q1: 3-Wk MA ending 2026-07-13
A2: Breads | B2: Apple Pecan | C2: Sunday | D2: ='Dundee Raw'!D2 -> 0 | E2: ='Dundee Raw'!E2 -> 2 | F2: ='Dundee Raw'!F2 -> 0 | G2: ='Dundee Raw'!G2 -> 4 | H2: ='Dundee Raw'!H2 -> 5 | I2: ='Dundee Raw'!I2 -> 3 | J2: ='Dundee Raw'!J2 -> 1 | K2: ='Dundee Raw'!K2 -> 5 | L2: =AVERAGE(D2:F2) -> 0.66666667 | M2: =AVERAGE(E2:G2) -> 2 | N2: =AVERAGE(F2:H2) -> 3 | O2: =AVERAGE(G2:I2) -> 4 | P2: =AVERAGE(H2:J2) -> 3 | Q2: =AVERAGE(I2:K2) -> 3
A3: Breads | B3: Apple Pecan Sourdough | C3: Saturday | D3: ='Dundee Raw'!D3 -> 2 | E3: ='Dundee Raw'!E3 -> 2 | F3: ='Dundee Raw'!F3 -> 1 | G3: ='Dundee Raw'!G3 -> 5 | H3: ='Dundee Raw'!H3 -> 4 | I3: ='Dundee Raw'!I3 -> 3 | J3: ='Dundee Raw'!J3 -> 4 | K3: ='Dundee Raw'!K3 -> 3 | L3: =AVERAGE(D3:F3) -> 1.6666667 | M3: =AVERAGE(E3:G3) -> 2.6666667 | N3: =AVERAGE(F3:H3) -> 3.3333333 | O3: =AVERAGE(G3:I3) -> 4 | P3: =AVERAGE(H3:J3) -> 3.6666667 | Q3: =AVERAGE(I3:K3) -> 3.3333333
A4: Breads | B4: Apple Pecan Sourdough | C4: Sunday | D4: ='Dundee Raw'!D4 -> 1 | E4: ='Dundee Raw'!E4 -> 4 | F4: ='Dundee Raw'!F4 -> 0 | G4: ='Dundee Raw'!G4 -> 2 | H4: ='Dundee Raw'!H4 -> 0 | I4: ='Dundee Raw'!I4 -> 1 | J4: ='Dundee Raw'!J4 -> 1 | K4: ='Dundee Raw'!K4 -> 0 | L4: =AVERAGE(D4:F4) -> 1.6666667 | M4: =AVERAGE(E4:G4) -> 2 | N4: =AVERAGE(F4:H4) -> 0.66666667 | O4: =AVERAGE(G4:I4) -> 1 | P4: =AVERAGE(H4:J4) -> 0.66666667 | Q4: =AVERAGE(I4:K4) -> 0.66666667
A5: Breads | B5: Baguette | C5: Tuesday | D5: ='Dundee Raw'!D5 -> 12 | E5: ='Dundee Raw'!E5 -> 5 | F5: ='Dundee Raw'!F5 -> 7 | G5: ='Dundee Raw'!G5 -> 6 | H5: ='Dundee Raw'!H5 -> 11 | I5: ='Dundee Raw'!I5 -> 7 | J5: ='Dundee Raw'!J5 -> 6 | K5: ='Dundee Raw'!K5 -> 7 | L5: =AVERAGE(D5:F5) -> 8 | M5: =AVERAGE(E5:G5) -> 6 | N5: =AVERAGE(F5:H5) -> 8 | O5: =AVERAGE(G5:I5) -> 8 | P5: =AVERAGE(H5:J5) -> 8 | Q5: =AVERAGE(I5:K5) -> 6.6666667
A6: Breads | B6: Baguette | C6: Wednesday | D6: ='Dundee Raw'!D6 -> 10 | E6: ='Dundee Raw'!E6 -> 12 | F6: ='Dundee Raw'!F6 -> 3 | G6: ='Dundee Raw'!G6 -> 10 | H6: ='Dundee Raw'!H6 -> 7 | I6: ='Dundee Raw'!I6 -> 7 | J6: ='Dundee Raw'!J6 -> 12 | K6: ='Dundee Raw'!K6 -> 8 | L6: =AVERAGE(D6:F6) -> 8.3333333 | M6: =AVERAGE(E6:G6) -> 8.3333333 | N6: =AVERAGE(F6:H6) -> 6.6666667 | O6: =AVERAGE(G6:I6) -> 8 | P6: =AVERAGE(H6:J6) -> 8.6666667 | Q6: =AVERAGE(I6:K6) -> 9
A7: Breads | B7: Baguette | C7: Thursday | D7: ='Dundee Raw'!D7 -> 10 | E7: ='Dundee Raw'!E7 -> 10 | F7: ='Dundee Raw'!F7 -> 6 | G7: ='Dundee Raw'!G7 -> 10 | H7: ='Dundee Raw'!H7 -> 3 | I7: ='Dundee Raw'!I7 -> 6 | J7: ='Dundee Raw'!J7 -> 6 | K7: ='Dundee Raw'!K7 -> 11 | L7: =AVERAGE(D7:F7) -> 8.6666667 | M7: =AVERAGE(E7:G7) -> 8.6666667 | N7: =AVERAGE(F7:H7) -> 6.3333333 | O7: =AVERAGE(G7:I7) -> 6.3333333 | P7: =AVERAGE(H7:J7) -> 5 | Q7: =AVERAGE(I7:K7) -> 7.6666667
A8: Breads | B8: Baguette | C8: Friday | D8: ='Dundee Raw'!D8 -> 7 | E8: ='Dundee Raw'!E8 -> 5 | F8: ='Dundee Raw'!F8 -> 7 | G8: ='Dundee Raw'!G8 -> 12 | H8: ='Dundee Raw'!H8 -> 12 | I8: ='Dundee Raw'!I8 -> 18 | J8: ='Dundee Raw'!J8 -> 9 | K8: ='Dundee Raw'!K8 -> 8 | L8: =AVERAGE(D8:F8) -> 6.3333333 | M8: =AVERAGE(E8:G8) -> 8 | N8: =AVERAGE(F8:H8) -> 10.333333 | O8: =AVERAGE(G8:I8) -> 14 | P8: =AVERAGE(H8:J8) -> 13 | Q8: =AVERAGE(I8:K8) -> 11.666667
A9: Breads | B9: Baguette | C9: Saturday | D9: ='Dundee Raw'!D9 -> 17 | E9: ='Dundee Raw'!E9 -> 10 | F9: ='Dundee Raw'!F9 -> 18 | G9: ='Dundee Raw'!G9 -> 14 | H9: ='Dundee Raw'!H9 -> 9 | I9: ='Dundee Raw'!I9 -> 5 | J9: ='Dundee Raw'!J9 -> 15 | K9: ='Dundee Raw'!K9 -> 16 | L9: =AVERAGE(D9:F9) -> 15 | M9: =AVERAGE(E9:G9) -> 14 | N9: =AVERAGE(F9:H9) -> 13.666667 | O9: =AVERAGE(G9:I9) -> 9.3333333 | P9: =AVERAGE(H9:J9) -> 9.6666667 | Q9: =AVERAGE(I9:K9) -> 12
A10: Breads | B10: Baguette | C10: Sunday | D10: ='Dundee Raw'!D10 -> 8 | E10: ='Dundee Raw'!E10 -> 17 | F10: ='Dundee Raw'!F10 -> 11 | G10: ='Dundee Raw'!G10 -> 19 | H10: ='Dundee Raw'!H10 -> 17 | I10: ='Dundee Raw'!I10 -> 14 | J10: ='Dundee Raw'!J10 -> 14 | K10: ='Dundee Raw'!K10 -> 15 | L10: =AVERAGE(D10:F10) -> 12 | M10: =AVERAGE(E10:G10) -> 15.666667 | N10: =AVERAGE(F10:H10) -> 15.666667 | O10: =AVERAGE(G10:I10) -> 16.666667 | P10: =AVERAGE(H10:J10) -> 15 | Q10: =AVERAGE(I10:K10) -> 14.333333
A11: Breads | B11: Blue Cheese Loaf | C11: Friday | D11: ='Dundee Raw'!D11 -> 0 | E11: ='Dundee Raw'!E11 -> 0 | F11: ='Dundee Raw'!F11 -> 0 | G11: ='Dundee Raw'!G11 -> 1 | H11: ='Dundee Raw'!H11 -> 0 | I11: ='Dundee Raw'!I11 -> 0 | J11: ='Dundee Raw'!J11 -> 0 | K11: ='Dundee Raw'!K11 -> 0 | L11: =AVERAGE(D11:F11) -> 0 | M11: =AVERAGE(E11:G11) -> 0.33333333 | N11: =AVERAGE(F11:H11) -> 0.33333333 | O11: =AVERAGE(G11:I11) -> 0.33333333 | P11: =AVERAGE(H11:J11) -> 0 | Q11: =AVERAGE(I11:K11) -> 0
A12: Breads | B12: Blue Cheese Loaf | C12: Saturday | D12: ='Dundee Raw'!D12 -> 3 | E12: ='Dundee Raw'!E12 -> 5 | F12: ='Dundee Raw'!F12 -> 5 | G12: ='Dundee Raw'!G12 -> 3 | H12: ='Dundee Raw'!H12 -> 4 | I12: ='Dundee Raw'!I12 -> 4 | J12: ='Dundee Raw'!J12 -> 6 | K12: ='Dundee Raw'!K12 -> 4 | L12: =AVERAGE(D12:F12) -> 4.3333333 | M12: =AVERAGE(E12:G12) -> 4.3333333 | N12: =AVERAGE(F12:H12) -> 4 | O12: =AVERAGE(G12:I12) -> 3.6666667 | P12: =AVERAGE(H12:J12) -> 4.6666667 | Q12: =AVERAGE(I12:K12) -> 4.6666667
A13: Breads | B13: Brioche Pan Loaf | C13: Thursday | D13: ='Dundee Raw'!D13 -> 0 | E13: ='Dundee Raw'!E13 -> 0 | F13: ='Dundee Raw'!F13 -> 0 | G13: ='Dundee Raw'!G13 -> 0 | H13: ='Dundee Raw'!H13 -> 1 | I13: ='Dundee Raw'!I13 -> 0 | J13: ='Dundee Raw'!J13 -> 0 | K13: ='Dundee Raw'!K13 -> 0 | L13: =AVERAGE(D13:F13) -> 0 | M13: =AVERAGE(E13:G13) -> 0 | N13: =AVERAGE(F13:H13) -> 0.33333333 | O13: =AVERAGE(G13:I13) -> 0.33333333 | P13: =AVERAGE(H13:J13) -> 0.33333333 | Q13: =AVERAGE(I13:K13) -> 0
... A234: Pastries | B234: Poptart | C234: Sunday | D234: ='Dundee Raw'!D234 -> 14 | E234: ='Dundee Raw'!E234 -> 14 | F234: ='Dundee Raw'!F234 -> 10 | G234: ='Dundee Raw'!G234 -> 15 | H234: ='Dundee Raw'!H234 -> 9 | I234: ='Dundee Raw'!I234 -> 11 | J234: ='Dundee Raw'!J234 -> 17 | K234: ='Dundee Raw'!K234 -> 12 | L234: =AVERAGE(D234:F234) -> 12.666667 | M234: =AVERAGE(E234:G234) -> 13 | N234: =AVERAGE(F234:H234) -> 11.333333 | O234: =AVERAGE(G234:I234) -> 11.666667 | P234: =AVERAGE(H234:J234) -> 12.333333 | Q234: =AVERAGE(I234:K234) -> 13.333333
A236: 3-week moving average = AVERAGE of qty sold for that item/day across the 3 most recent weeks (rolling). Blank until 3 weeks of history exist.

Sheet Loveland Raw
A1: Category | B1: Item | C1: Day of Week | D1: Week of 2026-05-25 | E1: Week of 2026-06-01 | F1: Week of 2026-06-08 | G1: Week of 2026-06-15 | H1: Week of 2026-06-22 | I1: Week of 2026-06-29 | J1: Week of 2026-07-06 | K1: Week of 2026-07-13
A2: Breads | B2: Apple Pecan Sourdough | C2: Friday | D2: 6 | E2: 8 | F2: 4 | G2: 2 | H2: 6 | I2: 8 | J2: 6 | K2: 6
A3: Breads | B3: Apple Pecan Sourdough | C3: Saturday | D3: 9 | E3: 7 | F3: 5 | G3: 9 | H3: 6 | I3: 4 | J3: 5 | K3: 8
A4: Breads | B4: Apple Pecan Sourdough | C4: Sunday | D4: 6 | E4: 5 | F4: 4 | G4: 6 | H4: 6 | I4: 2 | J4: 6 | K4: 6
A5: Breads | B5: Baguette | C5: Monday | D5: 0 | E5: 13 | F5: 8 | G5: 14 | H5: 11 | I5: 10 | J5: 12 | K5: 6
A6: Breads | B6: Baguette | C6: Tuesday | D6: 11 | E6: 5 | F6: 16 | G6: 10 | H6: 4 | I6: 15 | J6: 15 | K6: 8
A7: Breads | B7: Baguette | C7: Wednesday | D7: 6 | E7: 11 | F7: 15 | G7: 14 | H7: 18 | I7: 16 | J7: 18 | K7: 11
A8: Breads | B8: Baguette | C8: Thursday | D8: 11 | E8: 9 | F8: 6 | G8: 10 | H8: 21 | I8: 31 | J8: 22 | K8: 20
A9: Breads | B9: Baguette | C9: Friday | D9: 8 | E9: 10 | F9: 14 | G9: 23 | H9: 21 | I9: 21 | J9: 22 | K9: 20
A10: Breads | B10: Baguette | C10: Saturday | D10: 22 | E10: 23 | F10: 14 | G10: 21 | H10: 22 | I10: 11 | J10: 23 | K10: 26
A11: Breads | B11: Baguette | C11: Sunday | D11: 16 | E11: 18 | F11: 19 | G11: 18 | H11: 16 | I11: 9 | J11: 19 | K11: 18
A12: Breads | B12: Blue Cheese Loaf | C12: Saturday | D12: 17 | E12: 8 | F12: 10 | G12: 13 | H12: 10 | I12: 10 | J12: 11 | K12: 10
A13: Breads | B13: Brioche Pan Loaf | C13: Monday | D13: 0 | E13: 2 | F13: 2 | G13: 0 | H13: 0 | I13: 2 | J13: 1 | K13: 3
... A291: Pastries | B291: Sesame Bagel | C291: Sunday | D291: 7 | E291: 2 | F291: 6 | G291: 2 | H291: 4 | I291: 2 | J291: 2 | K291: 4
A293: Source: Toast PMIX exports, Loveland, weekly Mon-Sun totals, May 25 - Jul 19, 2026.

Sheet Loveland 3Wk MA
A1: Category | B1: Item | C1: Day of Week | D1: Week of 2026-05-25 | E1: Week of 2026-06-01 | F1: Week of 2026-06-08 | G1: Week of 2026-06-15 | H1: Week of 2026-06-22 | I1: Week of 2026-06-29 | J1: Week of 2026-07-06 | K1: Week of 2026-07-13 | L1: 3-Wk MA ending 2026-06-08 | M1: 3-Wk MA ending 2026-06-15 | N1: 3-Wk MA ending 2026-06-22 | O1: 3-Wk MA ending 2026-06-29 | P1: 3-Wk MA ending 2026-07-06 | Q1: 3-Wk MA ending 2026-07-13
A2: Breads | B2: Apple Pecan Sourdough | C2: Friday | D2: ='Loveland Raw'!D2 -> 6 | E2: ='Loveland Raw'!E2 -> 8 | F2: ='Loveland Raw'!F2 -> 4 | G2: ='Loveland Raw'!G2 -> 2 | H2: ='Loveland Raw'!H2 -> 6 | I2: ='Loveland Raw'!I2 -> 8 | J2: ='Loveland Raw'!J2 -> 6 | K2: ='Loveland Raw'!K2 -> 6 | L2: =AVERAGE(D2:F2) -> 6 | M2: =AVERAGE(E2:G2) -> 4.6666667 | N2: =AVERAGE(F2:H2) -> 4 | O2: =AVERAGE(G2:I2) -> 5.3333333 | P2: =AVERAGE(H2:J2) -> 6.6666667 | Q2: =AVERAGE(I2:K2) -> 6.6666667
A3: Breads | B3: Apple Pecan Sourdough | C3: Saturday | D3: ='Loveland Raw'!D3 -> 9 | E3: ='Loveland Raw'!E3 -> 7 | F3: ='Loveland Raw'!F3 -> 5 | G3: ='Loveland Raw'!G3 -> 9 | H3: ='Loveland Raw'!H3 -> 6 | I3: ='Loveland Raw'!I3 -> 4 | J3: ='Loveland Raw'!J3 -> 5 | K3: ='Loveland Raw'!K3 -> 8 | L3: =AVERAGE(D3:F3) -> 7 | M3: =AVERAGE(E3:G3) -> 7 | N3: =AVERAGE(F3:H3) -> 6.6666667 | O3: =AVERAGE(G3:I3) -> 6.3333333 | P3: =AVERAGE(H3:J3) -> 5 | Q3: =AVERAGE(I3:K3) -> 5.6666667
A4: Breads | B4: Apple Pecan Sourdough | C4: Sunday | D4: ='Loveland Raw'!D4 -> 6 | E4: ='Loveland Raw'!E4 -> 5 | F4: ='Loveland Raw'!F4 -> 4 | G4: ='Loveland Raw'!G4 -> 6 | H4: ='Loveland Raw'!H4 -> 6 | I4: ='Loveland Raw'!I4 -> 2 | J4: ='Loveland Raw'!J4 -> 6 | K4: ='Loveland Raw'!K4 -> 6 | L4: =AVERAGE(D4:F4) -> 5 | M4: =AVERAGE(E4:G4) -> 5 | N4: =AVERAGE(F4:H4) -> 5.3333333 | O4: =AVERAGE(G4:I4) -> 4.6666667 | P4: =AVERAGE(H4:J4) -> 4.6666667 | Q4: =AVERAGE(I4:K4) -> 4.6666667
A5: Breads | B5: Baguette | C5: Monday | D5: ='Loveland Raw'!D5 -> 0 | E5: ='Loveland Raw'!E5 -> 13 | F5: ='Loveland Raw'!F5 -> 8 | G5: ='Loveland Raw'!G5 -> 14 | H5: ='Loveland Raw'!H5 -> 11 | I5: ='Loveland Raw'!I5 -> 10 | J5: ='Loveland Raw'!J5 -> 12 | K5: ='Loveland Raw'!K5 -> 6 | L5: =AVERAGE(D5:F5) -> 7 | M5: =AVERAGE(E5:G5) -> 11.666667 | N5: =AVERAGE(F5:H5) -> 11 | O5: =AVERAGE(G5:I5) -> 11.666667 | P5: =AVERAGE(H5:J5) -> 11 | Q5: =AVERAGE(I5:K5) -> 9.3333333
A6: Breads | B6: Baguette | C6: Tuesday | D6: ='Loveland Raw'!D6 -> 11 | E6: ='Loveland Raw'!E6 -> 5 | F6: ='Loveland Raw'!F6 -> 16 | G6: ='Loveland Raw'!G6 -> 10 | H6: ='Loveland Raw'!H6 -> 4 | I6: ='Loveland Raw'!I6 -> 15 | J6: ='Loveland Raw'!J6 -> 15 | K6: ='Loveland Raw'!K6 -> 8 | L6: =AVERAGE(D6:F6) -> 10.666667 | M6: =AVERAGE(E6:G6) -> 10.333333 | N6: =AVERAGE(F6:H6) -> 10 | O6: =AVERAGE(G6:I6) -> 9.6666667 | P6: =AVERAGE(H6:J6) -> 11.333333 | Q6: =AVERAGE(I6:K6) -> 12.666667
A7: Breads | B7: Baguette | C7: Wednesday | D7: ='Loveland Raw'!D7 -> 6 | E7: ='Loveland Raw'!E7 -> 11 | F7: ='Loveland Raw'!F7 -> 15 | G7: ='Loveland Raw'!G7 -> 14 | H7: ='Loveland Raw'!H7 -> 18 | I7: ='Loveland Raw'!I7 -> 16 | J7: ='Loveland Raw'!J7 -> 18 | K7: ='Loveland Raw'!K7 -> 11 | L7: =AVERAGE(D7:F7) -> 10.666667 | M7: =AVERAGE(E7:G7) -> 13.333333 | N7: =AVERAGE(F7:H7) -> 15.666667 | O7: =AVERAGE(G7:I7) -> 16 | P7: =AVERAGE(H7:J7) -> 17.333333 | Q7: =AVERAGE(I7:K7) -> 15
A8: Breads | B8: Baguette | C8: Thursday | D8: ='Loveland Raw'!D8 -> 11 | E8: ='Loveland Raw'!E8 -> 9 | F8: ='Loveland Raw'!F8 -> 6 | G8: ='Loveland Raw'!G8 -> 10 | H8: ='Loveland Raw'!H8 -> 21 | I8: ='Loveland Raw'!I8 -> 31 | J8: ='Loveland Raw'!J8 -> 22 | K8: ='Loveland Raw'!K8 -> 20 | L8: =AVERAGE(D8:F8) -> 8.6666667 | M8: =AVERAGE(E8:G8) -> 8.3333333 | N8: =AVERAGE(F8:H8) -> 12.333333 | O8: =AVERAGE(G8:I8) -> 20.666667 | P8: =AVERAGE(H8:J8) -> 24.666667 | Q8: =AVERAGE(I8:K8) -> 24.333333
A9: Breads | B9: Baguette | C9: Friday | D9: ='Loveland Raw'!D9 -> 8 | E9: ='Loveland Raw'!E9 -> 10 | F9: ='Loveland Raw'!F9 -> 14 | G9: ='Loveland Raw'!G9 -> 23 | H9: ='Loveland Raw'!H9 -> 21 | I9: ='Loveland Raw'!I9 -> 21 | J9: ='Loveland Raw'!J9 -> 22 | K9: ='Loveland Raw'!K9 -> 20 | L9: =AVERAGE(D9:F9) -> 10.666667 | M9: =AVERAGE(E9:G9) -> 15.666667 | N9: =AVERAGE(F9:H9) -> 19.333333 | O9: =AVERAGE(G9:I9) -> 21.666667 | P9: =AVERAGE(H9:J9) -> 21.333333 | Q9: =AVERAGE(I9:K9) -> 21
A10: Breads | B10: Baguette | C10: Saturday | D10: ='Loveland Raw'!D10 -> 22 | E10: ='Loveland Raw'!E10 -> 23 | F10: ='Loveland Raw'!F10 -> 14 | G10: ='Loveland Raw'!G10 -> 21 | H10: ='Loveland Raw'!H10 -> 22 | I10: ='Loveland Raw'!I10 -> 11 | J10: ='Loveland Raw'!J10 -> 23 | K10: ='Loveland Raw'!K10 -> 26 | L10: =AVERAGE(D10:F10) -> 19.666667 | M10: =AVERAGE(E10:G10) -> 19.333333 | N10: =AVERAGE(F10:H10) -> 19 | O10: =AVERAGE(G10:I10) -> 18 | P10: =AVERAGE(H10:J10) -> 18.666667 | Q10: =AVERAGE(I10:K10) -> 20
A11: Breads | B11: Baguette | C11: Sunday | D11: ='Loveland Raw'!D11 -> 16 | E11: ='Loveland Raw'!E11 -> 18 | F11: ='Loveland Raw'!F11 -> 19 | G11: ='Loveland Raw'!G11 -> 18 | H11: ='Loveland Raw'!H11 -> 16 | I11: ='Loveland Raw'!I11 -> 9 | J11: ='Loveland Raw'!J11 -> 19 | K11: ='Loveland Raw'!K11 -> 18 | L11: =AVERAGE(D11:F11) -> 17.666667 | M11: =AVERAGE(E11:G11) -> 18.333333 | N11: =AVERAGE(F11:H11) -> 17.666667 | O11: =AVERAGE(G11:I11) -> 14.333333 | P11: =AVERAGE(H11:J11) -> 14.666667 | Q11: =AVERAGE(I11:K11) -> 15.333333
A12: Breads | B12: Blue Cheese Loaf | C12: Saturday | D12: ='Loveland Raw'!D12 -> 17 | E12: ='Loveland Raw'!E12 -> 8 | F12: ='Loveland Raw'!F12 -> 10 | G12: ='Loveland Raw'!G12 -> 13 | H12: ='Loveland Raw'!H12 -> 10 | I12: ='Loveland Raw'!I12 -> 10 | J12: ='Loveland Raw'!J12 -> 11 | K12: ='Loveland Raw'!K12 -> 10 | L12: =AVERAGE(D12:F12) -> 11.666667 | M12: =AVERAGE(E12:G12) -> 10.333333 | N12: =AVERAGE(F12:H12) -> 11 | O12: =AVERAGE(G12:I12) -> 11 | P12: =AVERAGE(H12:J12) -> 10.333333 | Q12: =AVERAGE(I12:K12) -> 10.333333
A13: Breads | B13: Brioche Pan Loaf | C13: Monday | D13: ='Loveland Raw'!D13 -> 0 | E13: ='Loveland Raw'!E13 -> 2 | F13: ='Loveland Raw'!F13 -> 2 | G13: ='Loveland Raw'!G13 -> 0 | H13: ='Loveland Raw'!H13 -> 0 | I13: ='Loveland Raw'!I13 -> 2 | J13: ='Loveland Raw'!J13 -> 1 | K13: ='Loveland Raw'!K13 -> 3 | L13: =AVERAGE(D13:F13) -> 1.3333333 | M13: =AVERAGE(E13:G13) -> 1.3333333 | N13: =AVERAGE(F13:H13) -> 0.66666667 | O13: =AVERAGE(G13:I13) -> 0.66666667 | P13: =AVERAGE(H13:J13) -> 1 | Q13: =AVERAGE(I13:K13) -> 2
... A291: Pastries | B291: Sesame Bagel | C291: Sunday | D291: ='Loveland Raw'!D291 -> 7 | E291: ='Loveland Raw'!E291 -> 2 | F291: ='Loveland Raw'!F291 -> 6 | G291: ='Loveland Raw'!G291 -> 2 | H291: ='Loveland Raw'!H291 -> 4 | I291: ='Loveland Raw'!I291 -> 2 | J291: ='Loveland Raw'!J291 -> 2 | K291: ='Loveland Raw'!K291 -> 4 | L291: =AVERAGE(D291:F291) -> 5 | M291: =AVERAGE(E291:G291) -> 3.3333333 | N291: =AVERAGE(F291:H291) -> 4 | O291: =AVERAGE(G291:I291) -> 2.6666667 | P291: =AVERAGE(H291:J291) -> 2.6666667 | Q291: =AVERAGE(I291:K291) -> 2.6666667
A293: 3-week moving average = AVERAGE of qty sold for that item/day across the 3 most recent weeks (rolling). Blank until 3 weeks of history exist.
